prediction,actual,threat_score,risk_score,output
1,0,3,3,"Thinking Process:

1.  **Analyze the Request:**
    *   **Task:** Determine whether a resident will decide to evacuate during a wildfire based on provided information (Risk Perception Summary, Threat "
1,1,3,3,"Thinking Process:

1.  **Analyze the Request:**
    *   **Task:** Determine whether a resident will decide to evacuate during a wildfire based on provided information.
    *   **Input:** The user prom"
1,0,3,3,"Thinking Process:

1.  **Analyze the Request:**
    *   Input: The user provides a scenario description (""A resident is deciding whether to evacuate during a wildfire..."").
    *   Input Data: There i"
1,0,3,3,"Thinking Process:

1.  **Analyze the Request:**
    *   Task: Determine whether a resident will decide to evacuate during a wildfire based on a provided ""Risk Perception Summary"" and other information"
1,1,3,3,"Thinking Process:

1.  **Analyze the Request:**
    *   **Goal:** Determine whether a resident will decide to evacuate during a wildfire based on provided information.
    *   **Input Data:** The prom"
1,1,3,3,"Thinking Process:

1.  **Analyze the Request:**
    *   Goal: Determine if a resident will evacuate during a wildfire based on provided information.
    *   Input Data: The prompt provides a ""Risk Per"
1,1,3,3,"Thinking Process:

1.  **Analyze the Request:**
    *   **Task:** Determine whether a resident will decide to evacuate during a wildfire based on provided information (Risk Perception Summary, Threat "
1,1,3,3,"Thinking Process:

1.  **Analyze the Request:**
    *   **Goal:** Determine whether a resident will decide to evacuate during a wildfire based on provided information.
    *   **Input Data:** The prom"
1,1,3,3,"Thinking Process:

1.  **Analyze the Request:**
    *   Input: A scenario description involving a resident deciding whether to evacuate during a wildfire.
    *   Provided Data: The prompt actually cu"
1,0,3,3,"Thinking Process:

1.  **Analyze the Request:**
    *   **Input:** The user provides a prompt structure that seems incomplete or malformed. It starts with ""Consider the following scenario..."" but then"
1,1,3,3,"Thinking Process:

1.  **Analyze the Request:**
    *   **Task:** Determine whether a resident will decide to evacuate during a wildfire based on provided information.
    *   **Input Data:**
        "
1,1,3,3,"Thinking Process:

1.  **Analyze the Request:**
    *   **Task:** Determine whether a resident will decide to evacuate during a wildfire based on provided information.
    *   **Input:** The prompt pr"
1,1,3,3,"Thinking Process:

1.  **Analyze the Request:**
    *   **Goal:** Determine whether a resident will decide to evacuate during a wildfire based on provided information.
    *   **Input Data:** The prom"
0,1,3,3,"Thinking Process:

1.  **Analyze the Request:**
    *   **Goal:** Determine whether a resident will evacuate during a wildfire based on provided information.
    *   **Input Data:** The prompt provide"
1,0,3,3,"Thinking Process:

1.  **Analyze the Request:**
    *   **Role:** Expert at rationale reasoning.
    *   **Task:** Determine whether a resident will decide to evacuate during a wildfire based on provi"
1,0,3,3,"Thinking Process:

1.  **Analyze the Request:**
    *   **Task:** Determine if a resident will evacuate during a wildfire based on provided information (Risk Perception Summary, Threat Score, Risk Sco"
1,0,3,3,"Thinking Process:

1.  **Analyze the Request:**
    *   **Task:** Determine whether a resident will decide to evacuate during a wildfire based on provided information (Risk Perception Summary, Threat "
1,0,3,3,"Thinking Process:

1.  **Analyze the Request:**
    *   **Task:** Determine whether a resident will decide to evacuate during a wildfire based on provided information (Risk Perception Summary, Threat "
1,1,3,3,"Thinking Process:

1.  **Analyze the Request:**
    *   **Task:** Determine whether a resident will decide to evacuate during a wildfire based on provided information.
    *   **Input:** The prompt pr"
1,1,3,3,"Thinking Process:

1.  **Analyze the Request:**
    *   **Goal:** Determine if a resident will evacuate during a wildfire based on provided information.
    *   **Input Data:** The prompt seems incomp"
1,0,3,3,"Thinking Process:

1.  **Analyze the Request:**
    *   **Goal:** Determine whether a resident will decide to evacuate during a wildfire based on provided information.
    *   **Input:** The user prov"
1,0,3,3,"Thinking Process:

1.  **Analyze the Request:**
    *   **Task:** Determine if a resident will evacuate during a wildfire based on provided information (Risk Perception Summary, Threat Score, Risk Sco"
1,0,3,3,"Thinking Process:

1.  **Analyze the Request:**
    *   **Task:** Determine whether a resident will decide to evacuate during a wildfire based on provided information.
    *   **Input:** The user prov"
1,0,3,3,"Thinking Process:

1.  **Analyze the Request:**
    *   **Task:** Determine whether a resident will decide to evacuate during a wildfire based on provided information.
    *   **Input:** The user has "
1,1,3,3,"Thinking Process:

1.  **Analyze the Request:**
    *   Input: A scenario description is implied but seems incomplete or cut off in the prompt provided by the user. The user provides a ""Risk Perceptio"
1,1,3,3,"Thinking Process:

1.  **Analyze the Request:**
    *   **Goal:** Determine if a resident will evacuate during a wildfire based on provided information.
    *   **Input Data:** The user provided a pro"
1,1,3,3,"Thinking Process:

1.  **Analyze the Request:**
    *   **Task:** Determine whether a resident will decide to evacuate during a wildfire based on provided information.
    *   **Input:** The user prov"
1,1,3,3,"Thinking Process:

1.  **Analyze the Request:**
    *   **Goal:** Determine if a resident will evacuate during a wildfire based on provided information.
    *   **Input Data:** The user prompt is inco"
1,1,3,3,"Thinking Process:

1.  **Analyze the Request:**
    *   **Task:** Determine whether a resident will decide to evacuate during a wildfire based on provided information.
    *   **Input:** The user prov"
1,1,3,3,"Thinking Process:

1.  **Analyze the Request:**
    *   **Task:** Determine whether a resident will decide to evacuate during a wildfire based on provided information (Risk Perception Summary, Threat "
1,1,3,3,"Thinking Process:

1.  **Analyze the Request:**
    *   **Task:** Determine whether a resident will decide to evacuate during a wildfire based on provided information.
    *   **Input:** The user prov"
1,1,3,3,"Thinking Process:

1.  **Analyze the Request:**
    *   **Goal:** Determine if a resident will evacuate during a wildfire based on provided information.
    *   **Input Data:** The user provided a pro"
1,1,3,3,"Thinking Process:

1.  **Analyze the Request:**
    *   **Goal:** Determine if a resident will evacuate during a wildfire based on provided information.
    *   **Input Data:** The prompt provides a """
1,1,3,3,"Thinking Process:

1.  **Analyze the Request:**
    *   **Task:** Determine whether a resident will decide to evacuate during a wildfire based on provided information.
    *   **Input:** The user prom"
1,1,3,3,"Thinking Process:

1.  **Analyze the Request:**
    *   **Task:** Determine whether a resident will decide to evacuate during a wildfire based on provided information (Risk Perception Summary, Threat "
1,1,3,3,"Thinking Process:

1.  **Analyze the Request:**
    *   **Task:** Determine whether a resident will decide to evacuate during a wildfire based on provided information.
    *   **Input Data:** The prom"
1,1,3,3,"Thinking Process:

1.  **Analyze the Request:**
    *   **Task:** Determine whether a resident will decide to evacuate during a wildfire based on provided information.
    *   **Input:** The user prom"
1,1,3,3,"Thinking Process:

1.  **Analyze the Request:**
    *   **Task:** Determine whether a resident will decide to evacuate during a wildfire based on provided information.
    *   **Input:** The prompt pr"
1,0,3,3,"Thinking Process:

1.  **Analyze the Request:**
    *   **Goal:** Determine whether a resident will decide to evacuate during a wildfire based on provided information.
    *   **Input Data:** The prom"
1,0,3,3,"Thinking Process:

1.  **Analyze the Request:**
    *   **Task:** Determine whether a resident will decide to evacuate during a wildfire based on their Risk Perception Summary and other information.
 "
1,1,3,3,"Thinking Process:

1.  **Analyze the Request:**
    *   **Task:** Determine if a resident will evacuate during a wildfire based on provided information.
    *   **Input Data:** The prompt provides a """
1,1,3,3,"Thinking Process:

1.  **Analyze the Request:**
    *   **Task:** Determine whether a resident will decide to evacuate during a wildfire based on provided information (Risk Perception Summary, Threat "
1,0,3,3,"Thinking Process:

1.  **Analyze the Request:**
    *   **Task:** Determine whether the resident will decide to evacuate based on the provided ""Risk Perception Summary"" and ""Threat Perception"" informa"
1,1,3,3,"Thinking Process:

1.  **Analyze the Request:**
    *   **Task:** Determine whether a resident will decide to evacuate during a wildfire based on provided information.
    *   **Input Data:** The prom"
1,1,3,3,"Thinking Process:

1.  **Analyze the Request:**
    *   **Task:** Determine whether a resident will decide to evacuate during a wildfire based on provided information.
    *   **Input:** The user prov"
1,0,3,3,"Thinking Process:

1.  **Analyze the Request:**
    *   **Task:** Determine whether a resident will decide to evacuate during a wildfire based on provided information.
    *   **Input:** The user prov"
1,0,3,3,"Thinking Process:

1.  **Analyze the Request:**
    *   **Task:** Determine whether a resident will decide to evacuate during a wildfire based on provided information.
    *   **Input:** The user has "
1,1,3,3,"Thinking Process:

1.  **Analyze the Request:**
    *   Task: Determine whether a resident will decide to evacuate during a wildfire based on provided information.
    *   Input Data: The prompt conta"
1,1,3,3,"Thinking Process:

1.  **Analyze the Request:**
    *   **Task:** Determine if a resident will evacuate during a wildfire based on provided information.
    *   **Input:** The user provided a prompt s"
1,1,3,3,"Thinking Process:

1.  **Analyze the Request:**
    *   **Task:** Determine whether a resident will decide to evacuate during a wildfire based on provided information.
    *   **Input:** The user prov"
1,1,3,3,"Thinking Process:

1.  **Analyze the Request:**
    *   **Goal:** Determine if a resident will evacuate during a wildfire based on provided information.
    *   **Input:** The user provided a ""Risk Pe"
1,1,3,3,"Thinking Process:

1.  **Analyze the Request:**
    *   **Task:** Determine whether a resident will decide to evacuate during a wildfire based on provided information.
    *   **Input Data:** The prom"
1,1,3,3,"Thinking Process:

1.  **Analyze the Request:**
    *   **Task:** Determine whether a resident will decide to evacuate during a wildfire based on provided information.
    *   **Input Data:** The prom"
1,1,3,3,"Thinking Process:

1.  **Analyze the Request:**
    *   **Task:** Determine whether a resident will decide to evacuate during a wildfire based on provided information.
    *   **Input:**
        *   P"
1,1,3,3,"Thinking Process:

1.  **Analyze the Request:**
    *   **Goal:** Determine whether the resident will decide to evacuate (YES or NO) based on provided information.
    *   **Input Data:**
        *   "
1,1,3,3,"Thinking Process:

1.  **Analyze the Request:**
    *   **Task:** Determine whether a resident will decide to evacuate during a wildfire based on provided information.
    *   **Input Data:**
        "
1,0,3,3,"Thinking Process:

1.  **Analyze the Request:**
    *   **Task:** Determine whether a resident will decide to evacuate during a wildfire based on provided information.
    *   **Input:** The user prov"
0,0,3,3,"Thinking Process:

1.  **Analyze the Request:**
    *   **Task:** Determine whether a resident will decide to evacuate based on a Risk Perception Summary.
    *   **Input Provided:**
        *   Three"
1,1,3,3,"Thinking Process:

1.  **Analyze the Request:**
    *   **Task:** Determine whether a resident will decide to evacuate during a wildfire based on provided information.
    *   **Input Data:**
        "
1,1,3,3,"Thinking Process:

1.  **Analyze the Request:**
    *   **Goal:** Determine whether the resident will decide to evacuate (YES or NO) based on provided information.
    *   **Input Data:**
        *   "
1,1,3,3,"Thinking Process:

1.  **Analyze the Request:**
    *   **Goal:** Determine whether the resident will decide to evacuate (YES or NO).
    *   **Input Data:**
        *   Previous Examples (Few-Shot Le"
1,1,3,3,"Thinking Process:

1.  **Analyze the Request:**
    *   **Task:** Determine whether a resident will decide to evacuate during a wildfire based on provided information.
    *   **Input Data:**
        "
0,0,3,3,"Thinking Process:

1.  **Analyze the Request:**
    *   **Task:** Determine whether a resident will decide to evacuate during a wildfire based on provided information.
    *   **Input:** The prompt in"
1,1,3,3,"Thinking Process:

1.  **Analyze the Request:**
    *   **Goal:** Determine whether a resident will decide to evacuate during a wildfire based on provided information.
    *   **Input Data:**
        "
1,1,3,3,"Thinking Process:

1.  **Analyze the Request:**
    *   **Goal:** Determine whether a resident will decide to evacuate during a wildfire based on provided information.
    *   **Input Data:**
        "
1,1,3,3,"Thinking Process:

1.  **Analyze the Request:**
    *   **Goal:** Determine whether a resident will decide to evacuate during a wildfire based on provided information.
    *   **Input Data:**
        "
1,0,3,3,"Thinking Process:

1.  **Analyze the Request:**
    *   **Goal:** Determine whether the resident will decide to evacuate based on the provided Risk Perception Summary and other information.
    *   **"
1,0,3,3,"Thinking Process:

1.  **Analyze the Request:**
    *   **Task:** Determine whether a resident will decide to evacuate during a wildfire based on provided information.
    *   **Input Data:**
        "
1,1,3,3,"Thinking Process:

1.  **Analyze the Request:**
    *   **Task:** Determine whether a resident will decide to evacuate during a wildfire based on provided Risk Perception Summary and other information"
1,1,3,3,"Thinking Process:

1.  **Analyze the Request:**
    *   **Task:** Determine whether the resident will decide to evacuate based on the provided ""Risk Perception Summary"" and ""Threat Perception: Thinkin"
1,1,3,3,"Thinking Process:

1.  **Analyze the Request:**
    *   **Task:** Determine whether a resident will decide to evacuate during a wildfire based on provided information.
    *   **Input Data:**
        "
0,1,3,3,"Thinking Process:

1.  **Analyze the Request:**
    *   **Goal:** Determine whether the resident will decide to evacuate (YES or NO) based on the provided Risk Perception Summary and Threat/Risk Score"
1,1,3,3,"Thinking Process:

1.  **Analyze the Request:**
    *   Goal: Determine whether the resident will decide to evacuate (YES or NO).
    *   Input Data:
        *   Scenario context: Resident deciding wh"
1,1,3,3,"Thinking Process:

1.  **Analyze the Request:**
    *   **Task:** Determine whether a resident will decide to evacuate during a wildfire based on provided information.
    *   **Input Data:**
        "
1,1,3,3,"Thinking Process:

1.  **Analyze the Request:**
    *   **Task:** Determine whether a resident will decide to evacuate during a wildfire based on provided information.
    *   **Input Data:**
        "
1,1,3,3,"Thinking Process:

1.  **Analyze the Request:**
    *   **Goal:** Determine whether a resident will evacuate during a wildfire based on provided information.
    *   **Input Data:**
        *   Previo"
